[
  {
    "jid": "6285875990859@s.whatsapp.net",
    "db": [
      {
        "nama": "#menu",
        "count": 1
      },
      {
        "nama": "#sticker",
        "count": 2
      }
    ]
  },
  {
    "jid": "994409252794@s.whatsapp.net",
    "db": [
      {
        "nama": "#menu",
        "count": 1
      },
      {
        "nama": "#thanksto",
        "count": 1
      },
      {
        "nama": "#ttp",
        "count": 1
      },
      {
        "nama": "#sticker",
        "count": 1
      },
      {
        "nama": "#meme1",
        "count": 1
      },
      {
        "nama": "#fpslogo",
        "count": 1
      }
    ]
  }
]